{
    "emojione-v2-22" : {
        "description" : "Emojis provided by Emoji One (version 2), resized to 22px",
        "website" : "http://emojione.com",
        "url" : "https://raw.githubusercontent.com/iqbalansari/emacs-emojify/9e36d0e8c2a9c373a39728f837a507adfbb7b931/emojione-fixed-v2-22.tar",
        "sha256" : "8b0ccea3610dc98c74d04de8d8c6340b4aaa8e950cad8fb62961e45792625dd7"
    },
    "emojione-v2" : {
        "description" : "Emojis provided by Emoji One (version 2)",
        "website" : "http://emojione.com",
        "url" : "https://raw.githubusercontent.com/iqbalansari/emacs-emojify/9e36d0e8c2a9c373a39728f837a507adfbb7b931/emojione-fixed-v2.tar",
        "sha256" : "828765e8f89dc6aa4cfb06c271e9de122aa51383ed85e1169ac774fdf1c739fb"
    },
    "emojione-v2.2.6-22" : {
        "description" : "Emojis provided by Emoji One (version 2.2.6), resized to 22px",
        "website" : "http://emojione.com",
        "url" : "https://raw.githubusercontent.com/iqbalansari/emacs-emojify/9e36d0e8c2a9c373a39728f837a507adfbb7b931/emojione-fixed-v2.2.6-22.tar",
        "sha256" : "f4428b0875cd0a418168139418bb03aaae0655254e4a683ec101f901d2c6ce59"
    },
    "emojione-v2.2.6" : {
        "description" : "Emojis provided by Emoji One (version 2.2.6)",
        "website" : "http://emojione.com",
        "url" : "https://raw.githubusercontent.com/iqbalansari/emacs-emojify/9e36d0e8c2a9c373a39728f837a507adfbb7b931/emojione-fixed-v2.2.6.tar",
        "sha256" : "eb0ff5637924a2a04d3ab649b66d816a69c5d71eab2bf5274d292115e8178244"
    },
    "twemoji-v2": {
        "description" : "Emojis provided by Twitter (version 2)",
        "website" : "https://twemoji.twitter.com/",
        "url": "https://raw.githubusercontent.com/iqbalansari/emacs-emojify/9e36d0e8c2a9c373a39728f837a507adfbb7b931/twemoji-fixed-v2.tar",
        "sha256" : "0991b1032a04d948835fba4249f43993b4ac88a66d2ae7f278f03be31884851d"
    },
    "twemoji-v2-22": {
        "description" : "Emojis provided by Twitter (version 2), resized to 22px",
        "website" : "https://twemoji.twitter.com/",
        "url": "https://raw.githubusercontent.com/iqbalansari/emacs-emojify/9e36d0e8c2a9c373a39728f837a507adfbb7b931/twemoji-fixed-v2-22.tar",
        "sha256" : "e3ae26d7ac111fe0be7b90f29afdab89676610a865353dfb672673efb5af044a"
    },
    "openmoji-v13-0": {
        "description" : "Emojis provided by HfG Schwäbisch Gmünd (version 13.0) at 72px",
        "website" : "https://openmoji.org",
        "url": "https://raw.githubusercontent.com/iqbalansari/emacs-emojify/9161fd27f399944516e86d36c90c3b55f31427dd/openmoji-v13.0.tar",
        "sha256" : "ccb0bce387e216a0c5f4ff54d53607dbfa1c62e7de9be95ee56af0cd39e42807"
    }
}
